{
  "n_runs": 3,
  "gold_size": 120,
  "floor": {
    "title": 0.9830508474576272,
    "type": 1.0,
    "domain": 0.0
  },
  "models": {
    "Claude Sonnet 4": {
      "model_id": "claude-sonnet-4-20250514",
      "provider": "anthropic",
      "runs": [
        {
          "f1": {
            "title": 0.9830508474576272,
            "type": 0.961038961038961,
            "domain": 0.9333333333333333
          },
          "counts": {
            "title": [
              116,
              4
            ],
            "type": [
              111,
              9
            ],
            "domain": [
              105,
              15
            ]
          },
          "failures": 0,
          "latency_mean": 2.347711760097688
        },
        {
          "f1": {
            "title": 0.9830508474576272,
            "type": 0.9565217391304348,
            "domain": 0.9333333333333333
          },
          "counts": {
            "title": [
              116,
              4
            ],
            "type": [
              110,
              10
            ],
            "domain": [
              105,
              15
            ]
          },
          "failures": 0,
          "latency_mean": 2.3217999763796495
        },
        {
          "f1": {
            "title": 0.9830508474576272,
            "type": 0.9565217391304348,
            "domain": 0.9333333333333333
          },
          "counts": {
            "title": [
              116,
              4
            ],
            "type": [
              110,
              10
            ],
            "domain": [
              105,
              15
            ]
          },
          "failures": 0,
          "latency_mean": 2.389279716653982
        }
      ],
      "aggregate": {
        "title": {
          "mean": 0.9830508474576272,
          "stdev": 0.0,
          "ci_low": 0.9830508474576272,
          "ci_high": 0.9830508474576272,
          "raw": [
            0.9830508474576272,
            0.9830508474576272,
            0.9830508474576272
          ]
        },
        "type": {
          "mean": 0.9580274797666103,
          "stdev": 0.0021294388290955496,
          "ci_low": 0.9565217391304349,
          "ci_high": 0.961038961038961,
          "raw": [
            0.961038961038961,
            0.9565217391304348,
            0.9565217391304348
          ]
        },
        "domain": {
          "mean": 0.9333333333333332,
          "stdev": 0.0,
          "ci_low": 0.9333333333333332,
          "ci_high": 0.9333333333333332,
          "raw": [
            0.9333333333333333,
            0.9333333333333333,
            0.9333333333333333
          ]
        }
      }
    },
    "Claude Opus 4": {
      "model_id": "claude-opus-4-20250514",
      "provider": "anthropic",
      "runs": [
        {
          "f1": {
            "title": 0.9830508474576272,
            "type": 0.9565217391304348,
            "domain": 0.9285714285714286
          },
          "counts": {
            "title": [
              116,
              4
            ],
            "type": [
              110,
              10
            ],
            "domain": [
              104,
              16
            ]
          },
          "failures": 0,
          "latency_mean": 3.1964462506885565
        },
        {
          "f1": {
            "title": 0.9830508474576272,
            "type": 0.9565217391304348,
            "domain": 0.9285714285714286
          },
          "counts": {
            "title": [
              116,
              4
            ],
            "type": [
              110,
              10
            ],
            "domain": [
              104,
              16
            ]
          },
          "failures": 0,
          "latency_mean": 3.332191570866659
        },
        {
          "f1": {
            "title": 0.9830508474576272,
            "type": 0.961038961038961,
            "domain": 0.9237668161434978
          },
          "counts": {
            "title": [
              116,
              4
            ],
            "type": [
              111,
              9
            ],
            "domain": [
              103,
              17
            ]
          },
          "failures": 0,
          "latency_mean": 3.289602592716498
        }
      ],
      "aggregate": {
        "title": {
          "mean": 0.9830508474576272,
          "stdev": 0.0,
          "ci_low": 0.9830508474576272,
          "ci_high": 0.9830508474576272,
          "raw": [
            0.9830508474576272,
            0.9830508474576272,
            0.9830508474576272
          ]
        },
        "type": {
          "mean": 0.9580274797666103,
          "stdev": 0.0021294388290955496,
          "ci_low": 0.9565217391304349,
          "ci_high": 0.961038961038961,
          "raw": [
            0.9565217391304348,
            0.9565217391304348,
            0.961038961038961
          ]
        },
        "domain": {
          "mean": 0.9269698910954517,
          "stdev": 0.0022649160191753745,
          "ci_low": 0.9237668161434978,
          "ci_high": 0.9285714285714285,
          "raw": [
            0.9285714285714286,
            0.9285714285714286,
            0.9237668161434978
          ]
        }
      }
    },
    "GPT-4o": {
      "model_id": "gpt-4o",
      "provider": "openai",
      "runs": [
        {
          "f1": {
            "title": 0.9830508474576272,
            "type": 0.9565217391304348,
            "domain": 0.9519650655021834
          },
          "counts": {
            "title": [
              116,
              4
            ],
            "type": [
              110,
              10
            ],
            "domain": [
              109,
              11
            ]
          },
          "failures": 0,
          "latency_mean": 1.8845512305531884
        },
        {
          "f1": {
            "title": 0.9830508474576272,
            "type": 0.9565217391304348,
            "domain": 0.9427312775330396
          },
          "counts": {
            "title": [
              116,
              4
            ],
            "type": [
              110,
              10
            ],
            "domain": [
              107,
              13
            ]
          },
          "failures": 0,
          "latency_mean": 1.5888734506811792
        },
        {
          "f1": {
            "title": 0.9830508474576272,
            "type": 0.9565217391304348,
            "domain": 0.9519650655021834
          },
          "counts": {
            "title": [
              116,
              4
            ],
            "type": [
              110,
              10
            ],
            "domain": [
              109,
              11
            ]
          },
          "failures": 0,
          "latency_mean": 1.454968205888872
        }
      ],
      "aggregate": {
        "title": {
          "mean": 0.9830508474576272,
          "stdev": 0.0,
          "ci_low": 0.9830508474576272,
          "ci_high": 0.9830508474576272,
          "raw": [
            0.9830508474576272,
            0.9830508474576272,
            0.9830508474576272
          ]
        },
        "type": {
          "mean": 0.9565217391304349,
          "stdev": 0.0,
          "ci_low": 0.9565217391304349,
          "ci_high": 0.9565217391304349,
          "raw": [
            0.9565217391304348,
            0.9565217391304348,
            0.9565217391304348
          ]
        },
        "domain": {
          "mean": 0.9488871361791356,
          "stdev": 0.004352849392680208,
          "ci_low": 0.9427312775330398,
          "ci_high": 0.9519650655021833,
          "raw": [
            0.9519650655021834,
            0.9427312775330396,
            0.9519650655021834
          ]
        }
      }
    }
  },
  "timestamp": "2026-06-04 20:30:48 +07"
}